{
  "resources": [
    "sounds.ogg",
    "sounds.m4a",
    "sounds.mp3",
    "sounds.ac3"
  ],
  "spritemap": {
    "horse": {
      "start": 0,
      "end": 2.8671201814058955,
      "loop": true
    },
    "lose": {
      "start": 3.25,
      "end": 3.7488662131519273,
      "loop": false
    },
    "meow1": {
      "start": 4.5,
      "end": 5.64514739229025,
      "loop": false
    },
    "meow2": {
      "start": 6.75,
      "end": 8.063900226757369,
      "loop": false
    },
    "move": {
      "start": 9,
      "end": 10.132925170068027,
      "loop": true
    },
    "neigh1": {
      "start": 11.25,
      "end": 13.344421768707484,
      "loop": false
    },
    "neigh2": {
      "start": 14.5,
      "end": 15.552607709750568,
      "loop": false
    },
    "theme": {
      "start": 16.75,
      "end": 118.87766439909296,
      "loop": true
    },
    "ambiance": {
      "start": 120,
      "end": 158.4671882086168,
      "loop": true
    },
    "boing": {
      "start": 159.25,
      "end": 161.38453514739228,
      "loop": false
    },
    "home": {
      "start": 162.5,
      "end": 163.45068027210885,
      "loop": false
    }
  }
}